company_name,company_website,career_page,job_url
,,,
,,,
LinkedIn,https://lnkd.in/zip,https://lnkd.in/careers/,https://lnkd.in/jobs
,https://jobs.ashbyhq.com/decagon/c1ac7d78-028b-451e-a10a-48c3c11308ea?src=LinkedIn,https://jobs.ashbyhq.com/careers,https://jobs.ashbyhq.com/jobs
,https://jobs.ashbyhq.com/articul8/a6f348d1-7030-40b0-b77f-b9456455525b/application?utm_source=Bv1EqxNdWK,https://jobs.ashbyhq.com/careers,https://jobs.ashbyhq.com/jobs
,https://apply.careers.microsoft.com/careers/job/1970393556630975?utm_source=linkedin&domain=microsoft.com&src=LinkedIn,https://apply.careers.microsoft.com/careers,https://apply.careers.microsoft.com/careers/jobs
,https://jobs.lever.co/activecampaign/08eb03e4-335b-4b58-b97b-fc0d6cee8d91/apply?lever-source=LinkedIn,https://www.lever.co/career-site-builder/,https://www.lever.co/career-site-builder/
,https://stripe.com/jobs/listing/data-scientist/5601879?gh_src=73vnei,https://stripe.com/careers,https://stripe.com/jobs
,https://explore.jobs.netflix.net/careers/job/790312512052?microsite=netflix.com&utm_source=LinkedIn&domain=netflix.com,https://explore.jobs.netflix.net/careers,https://apply.netflixhouse.com/careers
,https://explore.jobs.netflix.net/careers/job/790312823823?microsite=netflix.com&utm_source=LinkedIn&domain=netflix.com,https://explore.jobs.netflix.net/careers,https://apply.netflixhouse.com/careers
,https://work.mercor.com/jobs/list_AAABmlsUS2nTIjjRS0JPIqBc/digital-annotation-expert?utm_source=linkedin&utm_medium=job_slot_auto&utm_content=list_AAABmlsUS2nTIjjRS0JPIqBc&utm_term=entry-level-digital-data-annotator-us-cf9013,https://work.mercor.com/jobs,https://work.mercor.com/jobs
,https://stripe.com/jobs/listing/data-scientist/5601879?gh_src=73vnei,https://stripe.com/careers,https://stripe.com/jobs
,https://job-boards.greenhouse.io/fairlife/jobs/4983915007?gh_src=ct8komv47us,https://job-boards.greenhouse.io/events,https://job-boards.greenhouse.io/events
,https://careers.hpe.com/us/en/job/1195728/AI-ML-Intern?utm_source=linkedin,https://careers.hpe.com/careers,https://careers.hpe.com/us/en/israel-jobs
